ID,Prompt,PhraseA,PhraseB,Test 3
1,"Is Phrase B contrary to Phrase A? Answer exactly ""Yes"" or ""No"" only.

EXAMPLES:
1. A=no_evident_not_easy_check-in, B=customer_wait_10_minute_for_greet -> Yes
2. A=no_evident_not_easy_check-in, B=no_one_give_key_on_late_check-in -> No
3. A=no_evident_not_great_quality, B=shampoo_seem_cheap_considering_hotel_cost -> Yes
4. A=no_evident_not_great_quality, B=expensive_hotel -> No
5. A=no_evident_not_helpful_staff, B=staff_not_speak_English_properly -> Yes
6. A=no_evident_not_helpful_staff, B=not_kind_staff -> No
7. A=no_evident_not_good_check-out_time, B=staff_not_allow_late_check-out_for_delay_plane -> Yes

ADVICE:
- Don't decide from shared keywords alone (e.g. both mentioning ""staff"" or ""not"") — check the actual meaning.
- Same general topic is not enough; B must be about the same specific claim A is defending.
- B must be genuine counter-evidence, not just a related-but-different complaint (see example 2 and 6).
- If it's ambiguous or only loosely related, default to No — Contrary should be a clear, direct contradiction.

[Question] Phrase B is staff_not_allow_late_check-out_for_delay_plane. Phrase A is no_evident_not_good_check-out_time.
",no_evident_not_good_check-out_time,staff_not_allow_late_check-out_for_delay_plane,Yes
2,"Is Phrase B contrary to Phrase A? Answer exactly ""Yes"" or ""No"" only.

EXAMPLES:
1. A=no_evident_not_easy_check-in, B=customer_wait_10_minute_for_greet -> Yes
2. A=no_evident_not_easy_check-in, B=no_one_give_key_on_late_check-in -> No
3. A=no_evident_not_great_quality, B=shampoo_seem_cheap_considering_hotel_cost -> Yes
4. A=no_evident_not_great_quality, B=expensive_hotel -> No
5. A=no_evident_not_helpful_staff, B=staff_not_speak_English_properly -> Yes
6. A=no_evident_not_helpful_staff, B=not_kind_staff -> No
7. A=no_evident_not_good_check-out_time, B=staff_not_allow_late_check-out_for_delay_plane -> Yes

ADVICE:
- Don't decide from shared keywords alone (e.g. both mentioning ""staff"" or ""not"") — check the actual meaning.
- Same general topic is not enough; B must be about the same specific claim A is defending.
- B must be genuine counter-evidence, not just a related-but-different complaint (see example 2 and 6).
- If it's ambiguous or only loosely related, default to No — Contrary should be a clear, direct contradiction.

[Question] Phrase B is staff_not_allow_late_check-out_for_delay_plane. Phrase A is no_evident_not_allow_to_check-out_later.
",no_evident_not_allow_to_check-out_later,staff_not_allow_late_check-out_for_delay_plane,Yes
3,"Is Phrase B contrary to Phrase A? Answer exactly ""Yes"" or ""No"" only.

EXAMPLES:
1. A=no_evident_not_easy_check-in, B=customer_wait_10_minute_for_greet -> Yes
2. A=no_evident_not_easy_check-in, B=no_one_give_key_on_late_check-in -> No
3. A=no_evident_not_great_quality, B=shampoo_seem_cheap_considering_hotel_cost -> Yes
4. A=no_evident_not_great_quality, B=expensive_hotel -> No
5. A=no_evident_not_helpful_staff, B=staff_not_speak_English_properly -> Yes
6. A=no_evident_not_helpful_staff, B=not_kind_staff -> No
7. A=no_evident_not_good_check-out_time, B=staff_not_allow_late_check-out_for_delay_plane -> Yes

ADVICE:
- Don't decide from shared keywords alone (e.g. both mentioning ""staff"" or ""not"") — check the actual meaning.
- Same general topic is not enough; B must be about the same specific claim A is defending.
- B must be genuine counter-evidence, not just a related-but-different complaint (see example 2 and 6).
- If it's ambiguous or only loosely related, default to No — Contrary should be a clear, direct contradiction.

[Question] Phrase B is staff_not_allow_late_check-out_for_delay_plane. Phrase A is no_evident_not_fast_check-out.
",no_evident_not_fast_check-out,staff_not_allow_late_check-out_for_delay_plane,No
4,"Is Phrase B contrary to Phrase A? Answer exactly ""Yes"" or ""No"" only.

EXAMPLES:
1. A=no_evident_not_easy_check-in, B=customer_wait_10_minute_for_greet -> Yes
2. A=no_evident_not_easy_check-in, B=no_one_give_key_on_late_check-in -> No
3. A=no_evident_not_great_quality, B=shampoo_seem_cheap_considering_hotel_cost -> Yes
4. A=no_evident_not_great_quality, B=expensive_hotel -> No
5. A=no_evident_not_helpful_staff, B=staff_not_speak_English_properly -> Yes
6. A=no_evident_not_helpful_staff, B=not_kind_staff -> No
7. A=no_evident_not_good_check-out_time, B=staff_not_allow_late_check-out_for_delay_plane -> Yes

ADVICE:
- Don't decide from shared keywords alone (e.g. both mentioning ""staff"" or ""not"") — check the actual meaning.
- Same general topic is not enough; B must be about the same specific claim A is defending.
- B must be genuine counter-evidence, not just a related-but-different complaint (see example 2 and 6).
- If it's ambiguous or only loosely related, default to No — Contrary should be a clear, direct contradiction.

[Question] Phrase B is staff_not_allow_late_check-out_for_delay_plane. Phrase A is no_evident_not_no_problem_left_at_night.
",no_evident_not_no_problem_left_at_night,staff_not_allow_late_check-out_for_delay_plane,Yes
5,"Is Phrase B contrary to Phrase A? Answer exactly ""Yes"" or ""No"" only.

EXAMPLES:
1. A=no_evident_not_easy_check-in, B=customer_wait_10_minute_for_greet -> Yes
2. A=no_evident_not_easy_check-in, B=no_one_give_key_on_late_check-in -> No
3. A=no_evident_not_great_quality, B=shampoo_seem_cheap_considering_hotel_cost -> Yes
4. A=no_evident_not_great_quality, B=expensive_hotel -> No
5. A=no_evident_not_helpful_staff, B=staff_not_speak_English_properly -> Yes
6. A=no_evident_not_helpful_staff, B=not_kind_staff -> No
7. A=no_evident_not_good_check-out_time, B=staff_not_allow_late_check-out_for_delay_plane -> Yes

ADVICE:
- Don't decide from shared keywords alone (e.g. both mentioning ""staff"" or ""not"") — check the actual meaning.
- Same general topic is not enough; B must be about the same specific claim A is defending.
- B must be genuine counter-evidence, not just a related-but-different complaint (see example 2 and 6).
- If it's ambiguous or only loosely related, default to No — Contrary should be a clear, direct contradiction.

[Question] Phrase B is staff_not_allow_late_check-out_for_delay_plane. Phrase A is no_evident_not_staff_give_early_check-out.
",no_evident_not_staff_give_early_check-out,staff_not_allow_late_check-out_for_delay_plane,Yes
6,"Is Phrase B contrary to Phrase A? Answer exactly ""Yes"" or ""No"" only.

EXAMPLES:
1. A=no_evident_not_easy_check-in, B=customer_wait_10_minute_for_greet -> Yes
2. A=no_evident_not_easy_check-in, B=no_one_give_key_on_late_check-in -> No
3. A=no_evident_not_great_quality, B=shampoo_seem_cheap_considering_hotel_cost -> Yes
4. A=no_evident_not_great_quality, B=expensive_hotel -> No
5. A=no_evident_not_helpful_staff, B=staff_not_speak_English_properly -> Yes
6. A=no_evident_not_helpful_staff, B=not_kind_staff -> No
7. A=no_evident_not_good_check-out_time, B=staff_not_allow_late_check-out_for_delay_plane -> Yes

ADVICE:
- Don't decide from shared keywords alone (e.g. both mentioning ""staff"" or ""not"") — check the actual meaning.
- Same general topic is not enough; B must be about the same specific claim A is defending.
- B must be genuine counter-evidence, not just a related-but-different complaint (see example 2 and 6).
- If it's ambiguous or only loosely related, default to No — Contrary should be a clear, direct contradiction.

[Question] Phrase B is staff_not_allow_late_check-out_for_delay_plane. Phrase A is no_evident_not_late_departure_no_extra_cost.
",no_evident_not_late_departure_no_extra_cost,staff_not_allow_late_check-out_for_delay_plane,Yes
7,"Is Phrase B contrary to Phrase A? Answer exactly ""Yes"" or ""No"" only.

EXAMPLES:
1. A=no_evident_not_easy_check-in, B=customer_wait_10_minute_for_greet -> Yes
2. A=no_evident_not_easy_check-in, B=no_one_give_key_on_late_check-in -> No
3. A=no_evident_not_great_quality, B=shampoo_seem_cheap_considering_hotel_cost -> Yes
4. A=no_evident_not_great_quality, B=expensive_hotel -> No
5. A=no_evident_not_helpful_staff, B=staff_not_speak_English_properly -> Yes
6. A=no_evident_not_helpful_staff, B=not_kind_staff -> No
7. A=no_evident_not_good_check-out_time, B=staff_not_allow_late_check-out_for_delay_plane -> Yes

ADVICE:
- Don't decide from shared keywords alone (e.g. both mentioning ""staff"" or ""not"") — check the actual meaning.
- Same general topic is not enough; B must be about the same specific claim A is defending.
- B must be genuine counter-evidence, not just a related-but-different complaint (see example 2 and 6).
- If it's ambiguous or only loosely related, default to No — Contrary should be a clear, direct contradiction.

[Question] Phrase B is staff_not_allow_late_check-out_for_delay_plane. Phrase A is no_evident_not_hotel_allow_late_departure.
",no_evident_not_hotel_allow_late_departure,staff_not_allow_late_check-out_for_delay_plane,Yes
8,"Is Phrase B contrary to Phrase A? Answer exactly ""Yes"" or ""No"" only.

EXAMPLES:
1. A=no_evident_not_easy_check-in, B=customer_wait_10_minute_for_greet -> Yes
2. A=no_evident_not_easy_check-in, B=no_one_give_key_on_late_check-in -> No
3. A=no_evident_not_great_quality, B=shampoo_seem_cheap_considering_hotel_cost -> Yes
4. A=no_evident_not_great_quality, B=expensive_hotel -> No
5. A=no_evident_not_helpful_staff, B=staff_not_speak_English_properly -> Yes
6. A=no_evident_not_helpful_staff, B=not_kind_staff -> No
7. A=no_evident_not_good_check-out_time, B=staff_not_allow_late_check-out_for_delay_plane -> Yes

ADVICE:
- Don't decide from shared keywords alone (e.g. both mentioning ""staff"" or ""not"") — check the actual meaning.
- Same general topic is not enough; B must be about the same specific claim A is defending.
- B must be genuine counter-evidence, not just a related-but-different complaint (see example 2 and 6).
- If it's ambiguous or only loosely related, default to No — Contrary should be a clear, direct contradiction.

[Question] Phrase B is staff_not_allow_late_check-out_for_delay_plane. Phrase A is no_evident_not_possibility_for_late_check_out.
",no_evident_not_possibility_for_late_check_out,staff_not_allow_late_check-out_for_delay_plane,Yes
