ID,Topic,Original A,B,Vote
1,Facility,no_evident_not_5_star_facilities,excellent_inside,
2,Facility,no_evident_not_5_star_facilities,slow_elevators,
3,Facility,no_evident_not_Cyprus,improvement_needed,
4,Facility,no_evident_not_aesthetic_place,not_big,
5,Facility,no_evident_not_aesthetic_place,tiny_pool,
6,Facility,no_evident_not_affordable_hotel,dirty_pool,
7,Facility,no_evident_not_affordable_hotel,pool_could_be_bigger,
8,Facility,no_evident_not_airy_hotel,not_easy_to_access_entry,
9,Facility,no_evident_not_all,warm_inviting_atmosphere,
10,Facility,no_evident_not_allowed_to_stay_with_animals,small_pool,
11,Facility,no_evident_not_along_street,no_kiosk,
12,Facility,no_evident_not_amazing_place,common_areas_need_renovation,
13,Facility,no_evident_not_amazing_place,parking_area,
14,Facility,no_evident_not_are_new,cleaning_needed,
15,Facility,no_evident_not_are_new,only_parking,
16,Facility,no_evident_not_are_new,slamming_main_door,
17,Facility,no_evident_not_are_new,yet_open,
18,Facility,no_evident_not_beautiful_hotel,closed_pool,
19,Facility,no_evident_not_beautiful_property,no_street_parking,
20,Facility,no_evident_not_beautifully_kept_hotel,no_parking_lot,
21,Facility,no_evident_not_bottom_of_hotel,cleaning_needed,
22,Facility,no_evident_not_boutique_hotel,hole_pool,
23,Facility,no_evident_not_boutique_hotel,no_billiards,
24,Facility,no_evident_not_brand_new,trip_possible,
25,Facility,no_evident_not_bright_room,not_big,
26,Facility,no_evident_not_brilliant_family_hotel,bad_side,
27,Facility,no_evident_not_brilliant_family_hotel,convenient_parking,
28,Facility,no_evident_not_brilliant_family_hotel,night_lights_didnt_work,
29,Facility,no_evident_not_brilliant_family_hotel,not_even_considered_hotel,
30,Facility,no_evident_not_brilliant_family_hotel,open_air_car_park,
31,Facility,no_evident_not_brilliant_family_hotel,remove_pool,
32,Facility,no_evident_not_christmas_vibes,no_parking,
33,Facility,no_evident_not_christmas_vibes,not_even_considered_hotel,
34,Facility,no_evident_not_clean,on_the_outside,
35,Facility,no_evident_not_clean,tiny_pool,
36,Facility,no_evident_not_clean_accommodation,pool_could_be_bigger,
37,Facility,no_evident_not_clean_boutique_hotel,have_pool,
38,Facility,no_evident_not_clean_boutique_hotel,no_facility,
39,Facility,no_evident_not_clean_boutique_hotel,open_air_car_park,
40,Facility,no_evident_not_clean_boutique_hotel,renovation_could_be_better,
41,Facility,no_evident_not_clean_boutique_hotel,young_hotel,
42,Facility,no_evident_not_clean_building,dangerous_ramp,
43,Facility,no_evident_not_clean_building,not_even_considered_hotel,
44,Facility,no_evident_not_clean_building,open_air_car_park,
45,Facility,no_evident_not_clean_building,small_pool,
46,Facility,no_evident_not_clean_establishment,lack_of_pool,
47,Facility,no_evident_not_clean_establishment,not_convenient,
48,Facility,no_evident_not_clean_facility,no_hotel,
49,Facility,no_evident_not_clean_hotel,slamming_main_door,
50,Facility,no_evident_not_clean_hotel,small_pool,
51,Facility,no_evident_not_clean_lobby,head_bumped,
52,Facility,no_evident_not_clean_lobby,nearby,
53,Facility,no_evident_not_clean_place,dirty_pool,
54,Facility,no_evident_not_clean_property,not_easy_to_access_entry,
55,Facility,no_evident_not_clean_reception,dirty_pool,
56,Facility,no_evident_not_clean_room,pool_could_be_bigger,
57,Facility,no_evident_not_clean_veranda,no_parking,
58,Facility,no_evident_not_clean_veranda,parking_area,
59,Facility,no_evident_not_clean_veranda,tiny_pool,
60,Facility,no_evident_not_close_to_airport,difficult_to_find_parking_spot,
61,Facility,no_evident_not_comfortable_hotel,convenient_parking,
62,Facility,no_evident_not_comfortable_hotel,elevator_needs_renovation,
63,Facility,no_evident_not_comfortable_hotel,not_always_easy,
64,Facility,no_evident_not_comfortable_hotel,real_odyssey_to_park,
65,Facility,no_evident_not_comfortable_place,no_24_hour_reception,
66,Facility,no_evident_not_comfortable_place,slamming_main_door,
67,Facility,no_evident_not_comfortable_room,lack_of_pool,
68,Facility,no_evident_not_comfortable_room,no_billiards,
69,Facility,no_evident_not_compact_room,broken_lift,
70,Facility,no_evident_not_contemporary_hotel,easy_parking,
71,Facility,no_evident_not_contemporary_hotel,lack_of_pool,
72,Facility,no_evident_not_convenient,broken_lift,
73,Facility,no_evident_not_convenient,convenient_parking,
74,Facility,no_evident_not_convenient,fixable_facility,
75,Facility,no_evident_not_cosy_room,internet_issue,
76,Facility,no_evident_not_cozy_courtyard,no_hotel,
77,Facility,no_evident_not_cozy_courtyard,useful_beach Towel_services,
78,Facility,no_evident_not_cozy_hotel,no_hotel,
79,Facility,no_evident_not_cozy_hotel,slow_elevators,
80,Facility,no_evident_not_cozy_terrace,unsafe_ramp,
81,Facility,no_evident_not_delicious_food,unsafe_ramp,
82,Facility,no_evident_not_dog_allowed,no_parking,
83,Facility,no_evident_not_dog_allowed,no_swimming_pool,
84,Facility,no_evident_not_everything_clean,useful_beach Towel_services,
85,Facility,no_evident_not_everything_was_expected,no_24_hour_reception,
86,Facility,no_evident_not_everything_was_expected,no_facility,
87,Facility,no_evident_not_everything_was_expected,only_parking,
88,Facility,no_evident_not_exceeded_expectations,poor_view,
89,Facility,no_evident_not_excellent_option,renovation_could_be_better,
90,Facility,no_evident_not_family_atmosphere,not_big,
91,Facility,no_evident_not_family_atmosphere,steep_facility,
92,Facility,no_evident_not_family_establishment,old_furniture,
93,Facility,no_evident_not_family_establishment,remove_pool,
94,Facility,no_evident_not_family_establishment,yet_open,
95,Facility,no_evident_not_family_run_hotel,no_swimming_pool,
96,Facility,no_evident_not_family_run_hotel,open_air_car_park,
97,Facility,no_evident_not_fantastic_hotel,lack_of_pool,
98,Facility,no_evident_not_fantastic_hotel,poor_view,
99,Facility,no_evident_not_fantastic_service,cold_swim,
100,Facility,no_evident_not_fantastic_service,no_tight_door,
101,Facility,no_evident_not_fantastic_service,poor_view,
102,Facility,no_evident_not_flexible_schedule,head_bumped,
103,Facility,no_evident_not_free_parking,excellent_inside,
104,Facility,no_evident_not_fresh_hotel,head_bumped,
105,Facility,no_evident_not_freshened_hotel,excellent_inside,
106,Facility,no_evident_not_friendly_atmosphere,disgusting_facility,
107,Facility,no_evident_not_friendly_hotel,remove_pool,
108,Facility,no_evident_not_friendly_hotel,unsafe_ramp,
109,Facility,no_evident_not_friendly_staff,beach_towel_services,
110,Facility,no_evident_not_friendly_staff,no_kiosk,
111,Facility,no_evident_not_friendly_staff,pool_could_be_cleaner,
112,Facility,no_evident_not_good,night_lights_didnt_work,
113,Facility,no_evident_not_good,no_billiards,
114,Facility,no_evident_not_good_accommodation,limited_parking,
115,Facility,no_evident_not_good_availability,not_convenient,
116,Facility,no_evident_not_good_facility,pleasant_stay,
117,Facility,no_evident_not_good_hotel,lack_of_pool,
118,Facility,no_evident_not_good_hotel,old_furniture,
119,Facility,no_evident_not_good_place,badly_maintained_hotel,
120,Facility,no_evident_not_good_place,excellent_inside,
121,Facility,no_evident_not_good_place,no_deckchairs,
122,Facility,no_evident_not_good_place,not_perfect,
123,Facility,no_evident_not_good_quality_hotel,cold_swim,
124,Facility,no_evident_not_good_reason,close_to_hotel,
125,Facility,no_evident_not_good_reason,no_24_hour_reception,
126,Facility,no_evident_not_good_reason,open_air_car_park,
127,Facility,no_evident_not_good_reason,renovation_needed,
128,Facility,no_evident_not_good_restaurant,cold_property,
129,Facility,no_evident_not_good_restaurant,disgusting_facility,
130,Facility,no_evident_not_good_view,hotel_could_be_better,
131,Facility,no_evident_not_good_view,steep_facility,
132,Facility,no_evident_not_great_accommodation,doorway_could_be_smaller,
133,Facility,no_evident_not_great_accommodation,not_always_easy,
134,Facility,no_evident_not_great_accommodation,not_even_considered_hotel,
135,Facility,no_evident_not_great_facility,cold_property,
136,Facility,no_evident_not_great_holiday,common_areas_need_renovation,
137,Facility,no_evident_not_great_holiday,disgusting_facility,
138,Facility,no_evident_not_great_hotel,difficult_to_find_parking_spot,
139,Facility,no_evident_not_great_hotel,not_big,
140,Facility,no_evident_not_great_place,head_bumped,
141,Facility,no_evident_not_great_place,no_safety_strip,
142,Facility,no_evident_not_great_place,slow_elevators,
143,Facility,no_evident_not_happy_service,night_lights_didnt_work,
144,Facility,no_evident_not_high_standard,hotel_could_be_better,
145,Facility,no_evident_not_high_standard,remove_pool,
146,Facility,no_evident_not_highly_recommended,beach_towel_services,
147,Facility,no_evident_not_highly_recommended,close_to_hotel,
148,Facility,no_evident_not_highly_recommended,no_tight_door,
149,Facility,no_evident_not_highly_recommended,pool_could_be_bigger,
150,Facility,no_evident_not_home_atmosphere,hole_pool,
151,Facility,no_evident_not_home_atmosphere,no_swimming_pool,
152,Facility,no_evident_not_homely_atmosphere,cleaning_needed,
153,Facility,no_evident_not_homely_atmosphere,only_parking,
154,Facility,no_evident_not_in_front_of_hotel,no_facility,
155,Facility,no_evident_not_innovative_service,hole_pool,
156,Facility,no_evident_not_innovative_service,no_pool,
157,Facility,no_evident_not_interesting_service,bad_side,
158,Facility,no_evident_not_interesting_service,difficult_to_find_parking_spot,
159,Facility,no_evident_not_interesting_service,excellent_inside,
160,Facility,no_evident_not_interesting_service,hole_pool,
161,Facility,no_evident_not_interesting_service,no_24_hour_reception,
162,Facility,no_evident_not_interesting_service,unsafe_ramp,
163,Facility,no_evident_not_intimate_hotel,bad_side,
164,Facility,no_evident_not_intimate_hotel,improvement_needed,
165,Facility,no_evident_not_just_renovated,easy_parking,
166,Facility,no_evident_not_last_minute,have_pool,
167,Facility,no_evident_not_liked,nearby,
168,Facility,no_evident_not_liked,no_24_hour_reception,
169,Facility,no_evident_not_liked,no_parking_lot,
170,Facility,no_evident_not_liked,not_even_considered_hotel,
171,Facility,no_evident_not_liked,old_furniture,
172,Facility,no_evident_not_lovely_people,hole_pool,
173,Facility,no_evident_not_lovely_people,minimalistic_facility,
174,Facility,no_evident_not_lovely_room,close_to_hotel,
175,Facility,no_evident_not_lovely_veranda,no_tight_door,
176,Facility,no_evident_not_lovely_veranda,parking_area,
177,Facility,no_evident_not_modern_accommodation,beach_towel_services,
178,Facility,no_evident_not_modern_accommodation,parking_area,
179,Facility,no_evident_not_modern_facility,common_areas_need_renovation,
180,Facility,no_evident_not_modern_facility,limited_facility,
181,Facility,no_evident_not_modern_furnished_hotel,limited_parking,
182,Facility,no_evident_not_modern_property,minimalistic_facility,
183,Facility,no_evident_not_near_airport,cold_swim,
184,Facility,no_evident_not_near_airport,slow_elevators,
185,Facility,no_evident_not_neat,cold_swim,
186,Facility,no_evident_not_neat,hotel_could_be_better,
187,Facility,no_evident_not_neat,not_always_easy,
188,Facility,no_evident_not_neat,tiny_pool,
189,Facility,no_evident_not_neat,yet_open,
190,Facility,no_evident_not_new_fittings,convenient_parking,
191,Facility,no_evident_not_new_fittings,doorway_could_be_smaller,
192,Facility,no_evident_not_new_hotel,not_perfect,
193,Facility,no_evident_not_nice_atmosphere,dirty_pool,
194,Facility,no_evident_not_nice_atmosphere,pool_could_be_bigger,
195,Facility,no_evident_not_nice_facility,have_pool,
196,Facility,no_evident_not_nice_facility,not_always_easy,
197,Facility,no_evident_not_nice_facility,not_easy_to_access_entry,
198,Facility,no_evident_not_nice_place,dangerous_ramp,
199,Facility,no_evident_not_no_complaints_about_hotel,doorway_could_be_smaller,
200,Facility,no_evident_not_not_big_hotel,inaccessible_wheelchair_access,
201,Facility,no_evident_not_not_big_hotel,open_air_car_park,
202,Facility,no_evident_not_outside,excellent_inside,
203,Facility,no_evident_not_overnight_stay,hotel_could_be_better,
204,Facility,no_evident_not_overnight_stay,night_lights_didnt_work,
205,Facility,no_evident_not_overnight_stay,renovation_needed,
206,Facility,no_evident_not_package,no_swimming_pool,
207,Facility,no_evident_not_parking,no_facility,
208,Facility,no_evident_not_parking,pleasant_stay,
209,Facility,no_evident_not_parking_next_to_hotel,close_to_hotel,
210,Facility,no_evident_not_parking_next_to_hotel,have_pool,
211,Facility,no_evident_not_perfect_accommodation,convenient_parking,
212,Facility,no_evident_not_perfect_accommodation,improvement_needed,
213,Facility,no_evident_not_perfect_accommodation,no_hotel,
214,Facility,no_evident_not_perfect_accommodation,on_the_outside,
215,Facility,no_evident_not_perfect_accommodation,pool_could_be_bigger,
216,Facility,no_evident_not_perfect_hotel,limited_parking,
217,Facility,no_evident_not_perfect_location,not_even_considered_hotel,
218,Facility,no_evident_not_pet_friendly_hotel,unsafe_ramp,
219,Facility,no_evident_not_pleasant_terrace,cleaning_needed,
220,Facility,no_evident_not_pleasant_terrace,common_areas_need_renovation,
221,Facility,no_evident_not_pleasantly_surprised,nearby,
222,Facility,no_evident_not_pleasantly_surprised,no_street_parking,
223,Facility,no_evident_not_plenty_of_chairs,far_away,
224,Facility,no_evident_not_plenty_of_chairs,hole_pool,
225,Facility,no_evident_not_plenty_of_chairs,small_pool,
226,Facility,no_evident_not_plenty_of_parking,internet_issue,
227,Facility,no_evident_not_possible_with_animals,nearby,
228,Facility,no_evident_not_possible_with_animals,not_perfect,
229,Facility,no_evident_not_quiet_place,hotel_could_be_better,
230,Facility,no_evident_not_recently,no_tight_door,
231,Facility,no_evident_not_recently,only_parking,
232,Facility,no_evident_not_recently_refurbished,not_perfect,
233,Facility,no_evident_not_recently_refurbished,old_furniture,
234,Facility,no_evident_not_recently_refurbished,pool_could_be_cleaner,
235,Facility,no_evident_not_recently_refurbished,warm_inviting_atmosphere,
236,Facility,no_evident_not_recently_refurbished_hotel,convenient_parking,
237,Facility,no_evident_not_recently_refurbished_hotel,disgusting_facility,
238,Facility,no_evident_not_recently_refurbished_hotel,lack_of_pool,
239,Facility,no_evident_not_recently_renovated_hotel,improvement_needed,
240,Facility,no_evident_not_recently_renovated_interior,limited_parking,
241,Facility,no_evident_not_redone_hotel,small_pool,
242,Facility,no_evident_not_refurbished_building,excellent_inside,
243,Facility,no_evident_not_refurbished_building,have_pool,
244,Facility,no_evident_not_renovated_hotel,have_pool,
245,Facility,no_evident_not_residential_neighborhood,no_facility,
246,Facility,no_evident_not_residential_neighborhood,open_air_car_park,
247,Facility,no_evident_not_simple_clear_contemporary_decoration,not_easy_to_access_entry,
248,Facility,no_evident_not_simple_hotel,need_sorting,
249,Facility,no_evident_not_simple_hotel,no_pool,
250,Facility,no_evident_not_small_dog,close_to_hotel,
251,Facility,no_evident_not_small_dog,warm_inviting_atmosphere,
252,Facility,no_evident_not_small_hotel,minimalistic_facility,
253,Facility,no_evident_not_small_hotel,not_big,
254,Facility,no_evident_not_small_hotel,slamming_main_door,
255,Facility,no_evident_not_soft_beds,bad_side,
256,Facility,no_evident_not_soft_beds,difficult_to_find_parking_spot,
257,Facility,no_evident_not_soft_sofas,unclear_booking,
258,Facility,no_evident_not_spacious,lack_of_pool,
259,Facility,no_evident_not_spotless_facility,elevator_needs_renovation,
260,Facility,no_evident_not_spotless_facility,internet_issue,
261,Facility,no_evident_not_spotlessly_clean_garden,head_bumped,
262,Facility,no_evident_not_spotlessly_clean_garden,small_pool,
263,Facility,no_evident_not_stunning_hotel,parking_area,
264,Facility,no_evident_not_sufficient_parking,limited_parking,
265,Facility,no_evident_not_sufficient_parking,no_billiards,
266,Facility,no_evident_not_sufficient_parking,no_tight_door,
267,Facility,no_evident_not_sufficient_parking,small_pool,
268,Facility,no_evident_not_suitable_hotel,not_even_considered_hotel,
269,Facility,no_evident_not_taken_measures,not_easy_to_access_entry,
270,Facility,no_evident_not_transfer_room,useful_beach Towel_services,
271,Facility,no_evident_not_unwind_in_evening,no_kiosk,
272,Facility,no_evident_not_very_clean,need_sorting,
273,Facility,no_evident_not_very_good,night_lights_didnt_work,
274,Facility,no_evident_not_very_good,not_easy_to_access_entry,
275,Facility,no_evident_not_welcome,limited_parking,
276,Facility,no_evident_not_welcome,night_lights_didnt_work,
277,Facility,no_evident_not_welcome_bar,convenient_parking,
278,Facility,no_evident_not_welcoming,young_hotel,
279,Facility,no_evident_not_welcoming_hotel,limited_parking,
280,Facility,no_evident_not_well_equipped_hotel,no_facility,
281,Facility,no_evident_not_well_hotel,no_billiards,
282,Facility,no_evident_not_well_hotel,yet_open,
283,Facility,no_evident_not_well_kept_hotel,cleaning_needed,
284,Facility,no_evident_not_well_kept_hotel,no_pool,
285,Facility,no_evident_not_well_kept_hotel,slamming_main_door,
286,Facility,no_evident_not_well_run,no_hotel,
287,Facility,no_evident_not_well_situated_hotel,closed_pool,
288,Facility,no_evident_not_well_situated_hotel,unclear_booking,
289,Facility,no_evident_not_well_situated_hotel,useful_beach Towel_services,
290,Facility,no_evident_not_wonderful,excellent_inside,
291,Facility,no_evident_not_wonderful,no_hotel,
292,Facility,no_evident_not_wonderful_cappuccino,broken_lift,
293,Facility,no_evident_not_wonderful_cappuccino,dangerous_ramp,
294,Facility,no_evident_not_wonderful_cappuccino,dirty_pool,
295,Facility,no_evident_not_wonderful_cappuccino,easy_parking,
296,Facility,no_evident_not_wonderful_cappuccino,old_furniture,
297,Facility,no_evident_not_wonderful_people,internet_issue,
298,Facility,no_evident_not_wonderful_people,pleasant_stay,
299,Facility,no_evident_not_wonderful_place,no_24_hour_reception,
300,Facility,no_evident_not_wonderful_place,not_big,
